0;0;0;0;land;false;unknown;0
1;215;238;234;land;false;plains;1
2;239;173;164;land;true;plains;1
3;240;207;169;land;false;plains;3
4;178;191;158;land;true;plains;3
5;132;200;215;land;false;hills;1
6;241;213;181;land;false;plains;1
7;200;231;111;land;false;mountain;2
8;147;179;236;land;true;plains;2
9;234;224;170;land;false;plains;2
10;213;216;110;land;true;plains;3
11;199;143;167;land;true;plains;2
12;234;222;124;land;true;plains;1
13;234;248;148;land;true;plains;3
14;243;146;147;land;false;hills;1
15;225;174;238;land;false;plains;2
16;251;88;215;land;true;plains;2
17;254;203;143;land;true;forest;1
18;240;195;125;land;false;desert;1
19;245;169;187;land;false;plains;1
20;216;172;239;land;true;forest;1
21;187;225;128;land;true;plains;2
22;181;247;197;land;true;plains;3
23;207;139;211;land;false;mountain;1
24;183;177;230;land;false;hills;1
25;205;227;112;land;true;plains;3
26;214;158;237;land;true;plains;3
27;205;220;130;land;true;plains;3
28;236;227;141;land;false;hills;1
29;233;154;234;land;true;plains;1
30;251;135;181;land;true;plains;2
31;188;146;238;land;true;plains;1
32;253;185;143;land;false;plains;1
33;250;227;80;land;true;plains;2
34;200;254;176;land;true;hills;3
35;223;105;183;land;true;forest;1
36;181;172;176;land;true;plains;2
37;235;205;103;land;true;plains;2
38;85;165;253;land;true;plains;2
39;231;245;162;land;false;plains;1
40;251;237;78;land;true;plains;1
41;151;242;138;land;true;plains;1
42;126;237;162;land;true;plains;2
43;246;142;235;land;false;plains;1
44;190;235;165;land;true;plains;1
45;237;219;149;land;true;forest;1
46;117;198;194;land;false;plains;1
47;205;143;229;land;true;plains;1
48;232;205;188;land;false;mountain;1
49;175;203;183;land;true;plains;1
50;222;203;86;land;true;plains;1
51;208;247;51;land;true;plains;3
52;142;247;155;land;true;forest;1
53;111;202;239;land;false;forest;1
54;157;184;184;land;true;plains;2
55;239;151;112;land;false;plains;1
56;237;240;229;land;true;plains;3
57;72;194;246;land;false;plains;1
58;215;77;243;land;true;mountain;2
59;76;220;250;land;false;plains;3
60;173;233;115;land;true;plains;1
61;108;245;200;land;true;plains;2
62;222;235;223;land;true;hills;2
63;110;202;202;land;true;plains;1
64;250;254;129;land;true;forest;1
65;244;183;219;land;true;plains;1
66;253;150;221;land;true;plains;1
67;234;223;238;land;false;plains;3
68;183;225;197;land;false;plains;1
69;230;177;125;land;true;plains;2
70;204;132;166;land;true;plains;1
71;192;204;209;land;true;plains;3
72;232;252;157;land;true;plains;1
73;225;249;168;land;false;plains;1
74;247;216;112;land;true;plains;3
75;192;132;194;land;true;plains;1
76;100;185;236;land;false;plains;3
77;68;248;197;land;true;plains;1
78;202;252;156;land;true;plains;1
79;236;239;105;land;true;plains;3
80;156;215;183;land;true;plains;3
81;223;144;155;land;true;plains;3
82;139;254;124;land;false;forest;1
83;196;237;213;land;false;desert;1
84;207;112;239;land;true;plains;2
85;171;154;211;land;false;hills;1
86;118;228;186;land;false;desert;1
87;223;195;108;land;true;plains;1
88;139;183;217;land;true;plains;1
89;125;243;166;land;true;plains;2
90;128;189;198;land;false;plains;1
91;200;177;201;land;true;plains;2
92;205;193;215;land;false;hills;1
93;243;242;214;land;true;forest;1
94;243;200;68;land;true;plains;1
95;207;97;201;land;false;hills;1
96;239;132;190;land;false;forest;1
97;55;243;243;land;true;plains;1
98;129;249;227;land;false;plains;1
99;178;243;90;land;true;plains;2
100;228;185;175;land;true;plains;2
101;84;251;250;land;true;plains;1
102;164;198;216;land;true;plains;1
103;148;247;118;land;true;plains;2
104;203;199;145;land;false;plains;1
105;184;228;124;land;false;plains;1
106;215;167;228;land;true;forest;1
107;217;51;248;land;true;plains;1
108;210;210;192;land;false;desert;1
109;190;206;249;land;true;plains;1
110;137;208;207;land;false;plains;1
111;214;87;241;land;false;plains;3
112;231;224;175;land;true;plains;1
113;221;180;157;land;true;plains;3
114;239;252;210;land;true;forest;1
115;200;222;94;land;true;plains;1
116;152;142;228;land;true;plains;1
117;206;190;118;land;true;forest;1
118;177;188;227;land;true;plains;3
119;159;242;187;land;false;plains;2
120;155;227;251;land;true;plains;1
121;109;250;151;land;true;forest;1
122;35;254;252;land;false;plains;1
123;227;179;211;land;false;mountain;1
124;210;133;242;land;true;plains;2
125;251;156;95;land;true;plains;1
126;242;140;246;land;true;forest;1
127;157;249;136;land;true;plains;1
128;247;35;250;land;true;plains;1
129;167;178;220;land;false;plains;1
130;152;210;209;land;true;plains;2
131;127;207;167;land;true;forest;1
132;107;214;196;land;false;desert;1
133;190;247;199;land;true;plains;1
134;154;228;212;land;false;mountain;1
135;136;249;125;land;true;forest;1
136;209;164;173;land;true;plains;2
137;252;171;227;land;false;plains;1
138;217;211;156;land;true;plains;2
139;196;234;249;land;true;plains;1
140;254;238;21;land;true;forest;1
141;211;194;248;land;true;plains;1
142;97;219;209;land;false;plains;1
143;102;240;202;land;true;plains;3
144;239;159;125;land;false;hills;1
145;213;239;205;land;true;plains;1
146;206;183;148;land;true;plains;1
147;198;92;229;land;true;plains;3
148;213;199;225;land;true;plains;1
149;245;186;178;land;false;plains;1
150;231;95;240;land;true;plains;2
151;239;82;205;land;true;plains;2
152;230;116;240;land;false;plains;1
153;145;252;180;land;true;plains;2
154;67;250;194;land;true;plains;3
155;123;238;224;land;false;mountain;1
156;223;236;131;land;true;forest;1
157;109;224;249;land;true;plains;2
158;165;230;195;land;false;hills;1
159;208;214;214;land;false;mountain;1
160;221;150;242;land;true;plains;1
161;150;184;249;land;true;plains;3
162;113;241;230;land;true;forest;1
163;121;237;160;land;false;plains;1
164;252;77;199;land;true;plains;3
165;247;74;206;land;true;plains;1
166;250;86;190;land;false;plains;1
167;61;254;218;land;false;plains;1
168;225;179;166;land;true;forest;1
169;122;253;190;land;true;plains;2
170;160;208;220;land;true;mountain;2
171;208;174;199;land;true;forest;1
172;133;219;232;land;true;plains;2
173;250;194;138;land;true;plains;2
174;202;130;219;land;true;plains;1
175;203;205;176;land;false;plains;1
176;240;232;228;land;true;forest;1
177;243;147;248;land;true;plains;2
178;238;94;241;land;true;plains;1
179;249;68;251;land;true;plains;2
180;35;219;254;land;true;plains;2
181;219;102;183;land;true;forest;1
182;238;196;160;land;true;forest;1
183;168;240;131;land;true;plains;2
184;250;108;145;land;true;plains;2
185;208;56;239;land;true;plains;2
186;201;175;221;land;false;plains;1
187;252;161;175;land;true;plains;1
188;254;138;149;land;true;plains;1
189;253;208;176;land;false;plains;1
190;205;204;236;land;false;plains;1
191;245;183;79;land;false;mountain;1
192;173;197;214;land;true;plains;2
193;134;178;197;land;true;plains;2
194;213;221;166;land;true;plains;2
195;69;210;224;land;true;plains;1
196;204;204;213;land;false;plains;1
197;191;152;179;land;false;plains;2
198;220;205;222;land;false;plains;1
199;218;216;151;land;true;plains;2
200;182;179;217;land;true;plains;3
201;250;240;62;land;true;plains;1
202;122;229;173;land;false;mountain;1
203;225;222;176;land;true;plains;2
204;251;232;158;land;false;plains;1
205;236;122;174;land;true;plains;2
206;231;140;173;land;true;plains;2
207;143;244;223;land;true;plains;1
208;251;228;250;land;true;plains;3
209;204;179;163;land;true;plains;2
210;142;226;196;land;false;forest;1
211;123;197;184;land;false;plains;1
212;218;233;66;land;false;plains;1
213;229;152;241;land;true;plains;2
214;206;124;230;land;false;plains;1
215;235;72;254;land;true;plains;2
216;149;186;240;land;true;plains;1
217;119;192;224;land;false;plains;1
218;242;51;213;land;false;plains;1
219;192;202;216;land;false;plains;1
220;243;201;98;land;true;plains;2
221;240;159;183;land;false;plains;1
222;216;104;246;land;true;plains;2
223;112;173;222;land;true;forest;1
224;171;191;196;land;true;plains;2
225;214;207;108;land;true;hills;3
226;121;206;214;land;true;plains;1
227;145;166;208;land;true;plains;1
228;220;205;215;land;true;plains;2
229;238;147;246;land;true;forest;1
230;234;252;88;land;true;plains;2
231;116;202;184;land;true;plains;3
232;171;139;199;land;true;plains;3
233;91;246;189;land;true;plains;2
234;179;138;194;land;false;plains;1
235;249;235;217;land;false;plains;1
236;249;132;134;land;true;forest;1
237;173;210;191;land;true;plains;2
238;209;254;156;land;true;forest;1
239;201;140;169;land;true;plains;2
240;87;245;219;land;true;plains;3
241;245;212;86;land;true;plains;1
242;191;232;189;land;true;plains;1
243;180;248;216;land;false;plains;1
244;229;171;204;land;false;plains;1
245;178;155;180;land;false;mountain;1
246;156;161;239;land;false;plains;3
247;85;239;230;land;false;forest;1
248;207;241;213;land;true;plains;2
249;206;227;84;land;false;plains;1
250;205;241;214;land;false;plains;1
251;127;220;182;land;false;plains;1
252;248;185;231;land;true;plains;2
253;168;141;229;land;true;plains;2
254;210;232;249;land;true;plains;2
255;245;226;217;land;false;plains;2
256;200;142;194;land;true;plains;1
257;63;232;234;land;true;plains;1
258;75;244;183;land;true;forest;1
259;125;229;242;land;false;hills;1
260;246;232;117;land;true;forest;1
261;225;190;180;land;true;plains;2
262;168;162;210;land;true;forest;1
263;179;211;250;land;false;plains;1
264;244;237;28;land;true;plains;1
265;251;234;108;land;true;plains;3
266;71;223;254;land;true;plains;2
267;243;85;216;land;false;plains;1
268;181;248;108;land;true;plains;2
269;168;154;223;land;true;plains;1
270;250;219;184;land;true;plains;3
271;134;175;237;land;false;plains;1
272;230;240;250;land;true;plains;3
273;212;115;204;land;true;forest;1
274;232;209;207;land;true;plains;1
275;140;245;152;land;true;forest;1
276;142;244;154;land;true;plains;1
277;221;225;93;land;true;hills;3
278;214;153;234;land;false;plains;1
279;233;106;232;land;true;plains;2
280;128;254;143;land;false;plains;3
281;247;190;251;land;true;plains;3
282;190;162;205;land;true;plains;1
283;55;241;209;land;true;plains;2
284;232;203;80;land;false;mountain;1
285;249;91;193;land;false;plains;1
286;167;220;237;land;true;plains;2
287;253;211;182;land;true;plains;2
288;200;66;245;land;false;plains;1
289;123;248;205;land;false;plains;1
290;233;251;244;land;true;plains;1
291;252;58;217;land;false;plains;1
292;241;239;115;land;true;plains;2
293;237;215;132;land;true;plains;3
294;244;158;134;land;true;forest;1
295;244;248;94;land;true;plains;2
296;228;183;177;land;false;plains;3
297;226;165;159;land;true;forest;1
298;162;205;145;land;true;plains;2
299;172;129;220;land;true;plains;1
300;241;61;231;land;false;plains;1
301;183;203;209;land;false;plains;1
302;80;224;232;land;false;plains;1
303;136;211;205;land;false;mountain;2
304;200;242;157;land;true;plains;2
305;90;228;213;land;true;plains;1
306;239;235;183;land;true;plains;3
307;175;202;207;land;true;plains;2
308;236;41;239;land;false;hills;1
309;147;240;125;land;true;plains;1
310;214;198;117;land;false;plains;1
311;46;215;253;land;false;forest;1
312;233;214;95;land;false;mountain;1
313;198;159;242;land;true;plains;2
314;222;144;188;land;true;plains;2
315;251;113;167;land;true;plains;2
316;180;228;98;land;true;plains;3
317;180;244;225;land;false;mountain;2
318;240;87;191;land;true;plains;2
319;196;154;233;land;true;plains;1
320;99;237;213;land;true;plains;2
321;176;137;254;land;false;plains;1
322;236;149;138;land;false;desert;1
323;211;93;202;land;true;plains;1
324;249;189;199;land;true;plains;1
325;128;226;186;land;true;plains;1
326;118;211;190;land;false;hills;1
327;248;204;87;land;true;plains;1
328;33;239;250;land;true;plains;3
329;124;163;239;land;true;plains;2
330;182;248;155;land;false;plains;3
331;252;144;185;land;false;plains;1
332;212;213;192;land;true;plains;2
333;191;161;206;land;true;plains;1
334;191;252;185;land;true;plains;2
335;246;128;242;land;true;plains;1
336;116;244;249;land;true;plains;1
337;201;218;155;land;true;forest;1
338;238;192;95;land;true;plains;1
339;253;216;98;land;true;plains;2
340;238;167;241;land;true;plains;2
341;199;199;186;land;true;plains;1
342;159;236;124;land;true;plains;2
343;207;178;198;land;true;plains;2
344;243;71;242;land;false;plains;1
345;242;204;152;land;true;plains;1
346;138;224;241;land;true;plains;2
347;221;107;216;land;true;plains;1
348;218;231;52;land;true;forest;1
349;250;132;199;land;true;plains;1
350;166;185;200;land;true;plains;1
351;105;250;237;land;true;plains;3
352;242;115;230;land;true;forest;1
353;176;164;254;land;true;plains;3
354;86;238;236;land;true;plains;2
355;198;217;215;land;true;plains;3
356;254;226;195;land;true;plains;1
357;245;189;170;land;false;mountain;1
358;178;236;138;land;false;hills;1
359;222;213;156;land;false;plains;1
360;174;145;194;land;false;plains;3
361;164;196;233;land;false;plains;3
362;176;219;154;land;false;plains;3
363;218;49;247;land;true;plains;3
364;218;160;154;land;true;hills;3
365;140;190;202;land;true;plains;1
366;194;163;201;land;false;plains;1
367;151;232;125;land;true;plains;1
368;108;202;240;land;false;plains;1
369;244;159;124;land;true;plains;1
370;191;169;238;land;false;plains;1
371;216;144;216;land;false;plains;1
372;202;198;194;land;true;plains;1
373;94;243;234;land;false;mountain;1
374;252;232;249;land;false;mountain;1
375;187;239;87;land;true;plains;1
376;157;214;240;land;true;forest;1
377;221;119;162;land;false;hills;1
378;52;251;231;land;false;plains;1
379;202;167;216;land;true;plains;1
380;173;232;96;land;false;plains;1
381;241;136;144;land;false;plains;1
382;250;162;229;land;true;plains;1
383;149;199;172;land;false;plains;1
384;246;230;146;land;false;plains;1
385;180;236;126;land;false;plains;1
386;224;91;236;land;true;forest;1
387;250;248;9;land;true;forest;1
388;242;217;155;land;true;plains;1
389;173;246;219;land;true;forest;1
390;241;132;156;land;true;plains;1
391;252;149;164;land;true;plains;1
392;249;102;150;land;true;plains;1
393;214;143;205;land;true;plains;1
394;139;227;241;land;true;plains;2
395;253;120;189;land;true;plains;2
396;176;234;132;land;true;plains;1
397;235;203;67;land;true;plains;2
398;233;250;44;land;true;plains;2
399;140;153;241;land;true;plains;2
400;252;198;197;land;true;plains;2
401;155;150;225;land;true;plains;3
402;223;125;189;land;true;plains;3
403;213;224;138;land;true;plains;3
404;253;214;151;land;true;plains;3
405;156;97;249;land;true;plains;2
406;212;216;91;land;true;plains;2
407;192;226;154;land;true;plains;2
408;32;4;27;sea;false;ocean;0
409;14;2;23;sea;false;ocean;0
410;8;51;22;sea;true;ocean;0
411;10;72;14;sea;false;ocean;0
412;5;12;31;sea;false;ocean;0
413;51;26;4;sea;false;ocean;0
414;3;2;26;sea;false;ocean;0
415;15;24;13;sea;false;ocean;0
416;25;5;28;sea;false;ocean;0
417;10;3;80;sea;false;ocean;0
418;46;0;12;sea;false;ocean;0
419;20;11;5;sea;false;ocean;0
420;35;4;20;sea;false;ocean;0
421;5;25;12;sea;false;ocean;0
422;2;47;44;sea;false;ocean;0
423;16;1;71;sea;false;ocean;0
424;68;18;0;sea;false;ocean;0
425;18;39;20;sea;false;ocean;0
426;33;3;48;sea;true;ocean;0
427;34;34;8;sea;false;ocean;0
428;21;26;10;sea;false;ocean;0
429;29;33;27;sea;false;ocean;0
430;6;4;33;sea;false;ocean;0
431;15;25;52;sea;false;ocean;0
432;73;10;11;sea;false;ocean;0
433;0;32;17;sea;false;ocean;0
434;0;36;45;sea;false;ocean;0
435;22;31;38;sea;false;ocean;0
436;14;34;14;sea;false;ocean;0
437;20;24;3;sea;false;ocean;0
438;25;27;8;sea;false;ocean;0
439;26;32;20;sea;false;ocean;0
440;21;27;12;sea;false;ocean;0
441;34;40;25;sea;false;ocean;0
442;0;5;72;sea;false;ocean;0
443;16;3;76;sea;false;ocean;0
444;73;1;19;sea;true;ocean;0
445;13;2;64;sea;true;ocean;0
446;43;10;19;sea;false;ocean;0
447;12;4;69;sea;false;ocean;0
448;63;25;7;sea;false;ocean;0
449;13;37;20;sea;false;ocean;0
450;33;17;31;sea;false;ocean;0
451;81;15;3;sea;false;ocean;0
452;18;0;69;sea;false;ocean;0
453;20;9;30;sea;false;ocean;0
454;1;43;23;sea;false;ocean;0
455;36;15;10;sea;false;ocean;0
456;36;1;61;sea;false;ocean;0
457;12;24;33;sea;false;ocean;0
458;66;4;26;sea;true;ocean;0
459;31;5;32;sea;false;ocean;0
460;10;33;39;sea;false;ocean;0
461;3;42;0;sea;true;ocean;0
462;34;5;12;sea;false;ocean;0
463;54;6;26;sea;false;ocean;0
464;32;1;32;sea;false;ocean;0
465;10;50;29;sea;false;ocean;0
466;16;16;10;sea;false;ocean;0
467;35;1;39;sea;false;ocean;0
468;4;6;79;sea;false;ocean;0
469;22;3;73;sea;false;ocean;0
470;68;25;3;sea;true;ocean;0
471;11;37;24;sea;false;ocean;0
472;55;26;15;sea;false;ocean;0
473;31;21;42;sea;true;ocean;0
474;6;5;47;sea;false;ocean;0
475;74;1;11;sea;true;ocean;0
476;9;20;68;sea;true;ocean;0
477;6;79;9;sea;false;ocean;0
478;32;29;16;sea;false;ocean;0
479;20;22;20;sea;false;ocean;0
480;9;67;17;sea;false;ocean;0
481;18;14;53;sea;false;ocean;0
482;64;4;15;sea;false;ocean;0
483;26;11;51;sea;false;ocean;0
484;8;6;64;sea;false;ocean;0
485;12;42;36;sea;false;ocean;0
486;34;18;10;sea;false;ocean;0
487;3;8;20;sea;true;ocean;0
488;23;38;23;sea;false;ocean;0
489;2;57;34;sea;false;ocean;0
490;53;8;0;sea;false;ocean;0
491;11;47;23;sea;false;ocean;0
492;33;9;47;sea;false;ocean;0
493;1;49;37;sea;false;ocean;0
494;11;20;65;sea;false;ocean;0
495;18;27;6;sea;false;ocean;0
496;17;51;25;sea;false;ocean;0
497;20;10;10;sea;false;ocean;0
498;12;39;4;sea;false;ocean;0
499;32;9;53;sea;true;ocean;0
500;33;15;23;sea;false;ocean;0
501;18;29;12;sea;false;ocean;0
502;29;23;2;sea;false;ocean;0
503;24;15;56;sea;true;ocean;0
504;21;2;37;sea;false;ocean;0
505;26;36;1;sea;false;ocean;0
506;69;13;7;sea;false;ocean;0
507;29;24;18;sea;false;ocean;0
508;3;41;23;sea;false;ocean;0
509;21;21;54;sea;false;ocean;0
510;55;0;2;sea;false;ocean;0
511;25;20;50;sea;false;ocean;0
512;47;0;7;sea;false;ocean;0
513;5;31;42;sea;false;ocean;0
514;63;19;15;sea;false;ocean;0
515;17;5;21;sea;true;ocean;0
516;43;19;10;sea;false;ocean;0
517;4;60;7;sea;false;ocean;0
518;12;3;66;sea;false;ocean;0
519;27;25;12;sea;false;ocean;0
520;63;3;25;sea;false;ocean;0
521;63;7;20;sea;false;ocean;0
522;1;10;37;sea;false;ocean;0
523;18;23;39;sea;false;ocean;0
524;7;89;0;sea;false;ocean;0
525;8;28;46;sea;false;ocean;0
526;27;19;34;sea;false;ocean;0
527;8;42;8;sea;false;ocean;0
528;9;18;56;sea;false;ocean;0
529;17;15;10;sea;false;ocean;0
530;27;31;22;sea;false;ocean;0
531;9;63;5;sea;false;ocean;0
532;32;7;21;sea;false;ocean;0
533;48;28;7;sea;false;ocean;0
534;17;18;34;sea;false;ocean;0
535;27;16;6;sea;false;ocean;0
536;76;4;7;sea;false;ocean;0
537;4;7;72;sea;false;ocean;0
538;25;14;2;sea;true;ocean;0
539;70;1;25;sea;false;ocean;0
540;73;9;10;sea;false;ocean;0
541;12;1;53;sea;true;ocean;0
542;18;58;13;sea;false;ocean;0
543;39;42;9;sea;false;ocean;0
544;29;38;4;sea;false;ocean;0
545;39;29;24;sea;false;ocean;0
546;13;12;50;sea;false;ocean;0
547;32;12;45;sea;false;ocean;0
548;29;13;45;sea;false;ocean;0
549;4;14;64;sea;false;ocean;0
550;65;30;0;sea;false;ocean;0
551;37;8;3;sea;false;ocean;0
552;11;31;37;sea;true;ocean;0
553;18;16;3;sea;true;ocean;0
554;18;31;2;sea;false;ocean;0
555;35;54;10;sea;false;ocean;0
556;29;20;27;sea;false;ocean;0
557;16;46;13;sea;false;ocean;0
558;26;13;25;sea;false;ocean;0
559;0;83;9;sea;false;ocean;0
560;3;10;39;sea;true;ocean;0
561;5;86;5;sea;false;ocean;0
562;4;48;43;sea;false;ocean;0
563;26;20;24;sea;false;ocean;0
564;0;26;58;sea;false;ocean;0
565;10;7;59;sea;false;ocean;0
566;8;10;1;sea;false;ocean;0
567;31;5;24;sea;false;ocean;0
568;80;1;17;sea;false;ocean;0
569;32;22;25;sea;false;ocean;0
570;17;29;13;sea;false;ocean;0
571;23;24;48;sea;false;ocean;0
572;65;8;17;sea;false;ocean;0
573;6;85;3;sea;true;ocean;1
574;18;56;5;sea;false;ocean;0
575;1;51;0;sea;true;ocean;3
576;5;54;29;sea;false;ocean;0
577;42;8;17;sea;false;ocean;0
578;53;1;45;sea;false;ocean;0
579;62;4;27;sea;false;ocean;0
580;63;21;15;sea;false;ocean;0
581;10;42;28;sea;false;ocean;0
582;19;3;49;sea;false;ocean;0
583;17;13;13;sea;false;ocean;0
584;9;7;39;sea;false;ocean;0
585;18;62;15;sea;false;ocean;0
586;25;18;53;sea;false;ocean;0
587;21;10;7;sea;false;ocean;0
588;23;62;9;sea;false;ocean;0
589;9;6;34;sea;false;ocean;0
590;19;5;48;sea;false;ocean;0
591;74;13;3;sea;false;ocean;0
592;11;2;50;sea;false;ocean;0
593;3;23;11;sea;false;ocean;0
594;42;30;12;sea;true;ocean;0
595;31;16;38;sea;false;ocean;0
596;6;7;10;sea;false;ocean;0
597;66;27;1;sea;false;ocean;0
598;42;19;32;sea;false;ocean;0
599;38;14;34;sea;false;ocean;0
600;43;45;1;sea;false;ocean;0
601;67;19;9;sea;true;ocean;0
602;31;2;57;sea;false;ocean;0
603;51;18;8;sea;true;ocean;0
604;12;1;68;sea;false;ocean;0
605;8;50;28;sea;false;ocean;0
606;49;30;16;sea;false;ocean;0
607;61;23;8;sea;true;ocean;0
608;38;10;11;sea;false;ocean;0
609;56;5;18;sea;false;ocean;0
610;1;92;6;sea;false;ocean;0
611;37;28;29;sea;false;ocean;0
612;13;23;29;sea;true;ocean;1
613;3;13;61;sea;false;ocean;0
614;27;25;45;sea;false;ocean;0
615;52;18;20;sea;false;ocean;0
616;25;32;20;sea;false;ocean;0
617;22;45;13;sea;false;ocean;0
618;31;18;13;sea;false;ocean;0
619;0;35;42;sea;false;ocean;0
620;0;30;69;sea;false;ocean;0
621;13;14;54;sea;false;ocean;0
622;15;52;11;sea;false;ocean;0
623;14;0;74;sea;false;ocean;0
624;48;13;15;sea;false;ocean;0
625;3;33;43;sea;false;ocean;0
626;17;3;47;sea;false;ocean;0
627;26;26;42;sea;false;ocean;0
628;27;13;56;sea;false;ocean;0
629;28;14;33;sea;true;ocean;0
630;55;30;3;sea;false;ocean;0
631;8;44;4;sea;false;ocean;0
632;62;16;10;sea;false;ocean;0
633;31;7;29;sea;false;ocean;0
634;40;28;13;sea;false;ocean;0
635;0;18;17;sea;false;ocean;0
636;77;3;12;sea;false;ocean;0
637;15;30;17;sea;false;ocean;0
638;21;11;13;sea;false;ocean;0
639;58;1;15;sea;false;ocean;0
640;0;78;20;sea;false;ocean;0
641;0;4;20;sea;false;ocean;0
642;78;5;15;sea;true;ocean;0
643;51;10;21;sea;false;ocean;0
644;3;23;6;sea;false;ocean;0
645;4;6;61;sea;false;ocean;0
646;17;60;18;sea;true;ocean;0
647;75;1;2;sea;false;ocean;0
648;17;9;44;sea;false;ocean;0
649;1;47;11;sea;false;ocean;0
650;3;0;46;sea;false;ocean;0
651;21;43;8;sea;false;ocean;0
652;89;7;2;sea;false;ocean;0
653;9;13;26;sea;true;ocean;0
654;12;4;26;sea;false;ocean;0
655;3;51;40;sea;false;ocean;0
656;31;18;16;sea;false;ocean;0
657;2;33;57;sea;false;ocean;0
658;55;5;26;sea;false;ocean;0
659;32;15;19;sea;true;ocean;0
660;24;21;2;sea;false;ocean;0
661;8;30;47;sea;false;ocean;0
662;36;56;6;sea;false;ocean;0
663;30;25;18;sea;false;ocean;0
664;58;1;13;sea;true;ocean;0
665;17;72;2;sea;false;ocean;0
666;0;79;0;sea;false;ocean;0
667;44;15;16;sea;false;ocean;0
668;9;1;37;sea;true;ocean;0
669;29;40;5;sea;false;ocean;0
670;19;31;19;sea;true;ocean;0
671;11;67;2;sea;false;ocean;0
672;3;24;26;sea;false;ocean;0
673;1;63;32;sea;false;ocean;0
674;61;3;7;sea;false;ocean;0
675;2;56;8;sea;true;ocean;0
676;55;33;7;sea;true;ocean;0
677;26;32;33;sea;false;ocean;0
678;5;21;39;sea;false;ocean;0
679;29;34;4;sea;false;ocean;0
680;16;8;50;sea;false;ocean;0
681;7;21;40;sea;false;ocean;0
682;22;33;43;sea;false;ocean;0
683;9;19;39;sea;false;ocean;0
684;97;0;0;sea;true;ocean;2
685;2;71;17;sea;false;ocean;0
686;61;22;6;sea;false;ocean;0
687;2;1;10;sea;false;ocean;0
688;13;1;6;sea;false;ocean;0
689;17;17;45;sea;false;ocean;0
690;20;2;62;sea;false;ocean;0
691;32;11;39;sea;false;ocean;0
692;0;60;36;sea;true;ocean;3
693;11;30;43;sea;false;ocean;0
694;12;16;69;sea;false;ocean;0
695;47;16;35;sea;false;ocean;0
696;36;43;1;sea;false;ocean;0
697;60;22;13;sea;false;ocean;0
698;60;0;17;sea;false;ocean;0
699;11;30;11;sea;false;ocean;0
700;48;11;4;sea;false;ocean;0
701;17;6;44;sea;false;ocean;0
702;4;18;6;sea;false;ocean;0
703;37;13;24;sea;false;ocean;0
704;5;44;47;sea;true;ocean;0
705;92;3;0;sea;false;ocean;0
706;9;75;3;sea;true;ocean;0
707;22;30;26;sea;true;ocean;0
708;28;3;33;sea;false;ocean;0
709;0;52;39;sea;false;ocean;0
710;44;32;16;sea;true;ocean;0
711;2;58;26;sea;false;ocean;0
712;11;8;35;sea;false;ocean;0
713;33;46;6;sea;false;ocean;0
714;16;9;51;sea;false;ocean;0
715;24;25;9;sea;false;ocean;0
716;4;29;19;sea;false;ocean;0
717;39;26;3;sea;false;ocean;0
718;8;34;11;sea;false;ocean;0
719;39;38;2;sea;false;ocean;0
720;1;26;71;sea;false;ocean;0
721;41;27;18;sea;true;ocean;0
722;46;40;4;sea;false;ocean;0
723;7;43;24;sea;false;ocean;0
724;13;38;24;sea;false;ocean;0
725;54;4;38;sea;false;ocean;0
726;1;73;10;sea;false;ocean;0
727;36;23;9;sea;false;ocean;0
728;14;47;9;sea;false;ocean;0
729;28;18;32;sea;false;ocean;0
730;35;47;16;sea;true;ocean;0
731;11;14;46;sea;false;ocean;0
732;21;11;25;sea;false;ocean;0
733;1;5;84;sea;false;ocean;0
734;0;6;84;sea;false;ocean;0
735;17;18;42;sea;false;ocean;0
736;4;14;11;sea;true;ocean;0
737;62;6;26;sea;false;ocean;0
738;26;1;66;sea;false;ocean;0
739;29;16;44;sea;false;ocean;0
740;58;5;11;sea;false;ocean;0
741;30;33;5;sea;true;ocean;0
742;19;26;21;sea;false;ocean;0
743;69;9;5;sea;false;ocean;0
744;13;46;37;sea;false;ocean;0
745;19;43;26;sea;false;ocean;0
746;38;5;34;sea;false;ocean;0
747;11;10;53;sea;false;ocean;0
748;2;36;21;sea;false;ocean;0
749;36;33;12;sea;true;ocean;0
750;37;15;24;sea;false;ocean;0
751;32;45;11;sea;true;ocean;0
752;37;13;49;sea;false;ocean;0
753;46;0;18;sea;true;ocean;0
754;16;46;37;sea;false;ocean;0
755;5;22;38;sea;false;ocean;0
756;25;58;15;sea;false;ocean;0
757;37;16;39;sea;true;ocean;0
758;20;5;15;sea;false;ocean;0
759;14;57;13;sea;false;ocean;0
760;4;26;21;sea;false;ocean;0
761;21;67;3;sea;false;ocean;0
762;14;22;31;sea;false;ocean;0
763;32;1;59;sea;false;ocean;0
764;25;23;32;sea;false;ocean;0
765;40;6;30;sea;false;ocean;0
766;29;10;18;sea;false;ocean;0
767;5;69;15;sea;false;ocean;0
768;7;31;56;sea;false;ocean;0
769;12;73;7;sea;false;ocean;0
770;34;30;16;sea;false;ocean;0
771;12;32;53;sea;true;ocean;0
772;16;23;14;sea;false;ocean;0
773;21;52;8;sea;false;ocean;0
774;5;5;10;sea;false;ocean;0
775;29;18;47;sea;false;ocean;0
776;2;44;20;sea;false;ocean;0
777;11;11;11;sea;false;ocean;0
778;23;10;52;sea;true;ocean;0
779;31;31;21;sea;false;ocean;0
780;13;52;7;sea;false;ocean;0
781;12;13;71;sea;false;ocean;0
782;21;33;11;sea;false;ocean;0
783;11;40;21;sea;false;ocean;0
784;60;15;14;sea;false;ocean;0
785;9;24;9;sea;true;ocean;0
786;43;28;10;sea;false;ocean;0
787;5;21;31;sea;false;ocean;0
788;18;19;53;sea;false;ocean;0
789;43;31;25;sea;false;ocean;0
790;11;22;9;sea;false;ocean;0
791;30;64;0;sea;false;ocean;0
792;44;3;4;sea;false;ocean;0
793;47;36;12;sea;true;ocean;0
794;64;25;0;sea;false;ocean;0
795;4;53;15;sea;false;ocean;0
796;39;16;15;sea;false;ocean;0
797;6;74;2;sea;false;ocean;0
798;52;9;10;sea;false;ocean;0
799;10;10;47;sea;false;ocean;0
800;66;18;10;sea;false;ocean;0
801;0;1;16;sea;false;ocean;0
802;13;7;65;sea;true;ocean;0
803;49;9;7;sea;true;ocean;0
804;25;40;32;sea;true;ocean;0
805;36;26;5;sea;false;ocean;0
806;40;3;22;sea;false;ocean;0
807;18;3;0;sea;false;ocean;0
808;78;3;9;sea;false;ocean;0
809;34;45;4;sea;false;ocean;0
810;3;18;76;sea;false;ocean;0
811;6;37;25;sea;true;ocean;0
812;1;25;20;sea;true;ocean;0
813;0;35;35;sea;true;ocean;0
814;29;33;11;sea;false;ocean;0
815;10;40;33;sea;false;ocean;0
816;61;25;10;sea;false;ocean;0
817;46;30;5;sea;false;ocean;0
818;3;4;46;sea;false;ocean;0
819;14;1;26;sea;false;ocean;0
820;6;6;36;sea;true;ocean;0
821;10;80;1;sea;false;ocean;0
822;14;9;5;sea;false;ocean;0
823;7;47;36;sea;false;ocean;0
824;4;27;37;sea;false;ocean;0
825;27;24;48;sea;true;ocean;0
826;45;28;4;sea;false;ocean;0
827;24;4;18;sea;false;ocean;0
828;1;31;67;sea;false;ocean;0
829;21;36;11;sea;false;ocean;0
830;31;36;31;sea;true;ocean;1
831;55;25;17;sea;false;ocean;0
832;4;2;35;sea;false;ocean;0
833;2;21;42;sea;false;ocean;0
834;13;71;14;sea;false;ocean;0
835;24;2;52;sea;false;ocean;0
836;20;10;17;sea;false;ocean;0
837;55;8;13;sea;false;ocean;0
838;73;1;25;sea;false;ocean;0
839;28;6;27;sea;false;ocean;0
840;12;39;39;sea;false;ocean;0
841;0;3;52;sea;false;ocean;0
842;19;33;5;sea;true;ocean;0
843;24;1;4;sea;false;ocean;0
844;24;12;5;sea;false;ocean;0
845;34;35;27;sea;false;ocean;0
846;5;0;91;sea;false;ocean;0
847;35;5;50;sea;false;ocean;0
848;71;8;12;sea;false;ocean;0
849;6;36;31;sea;false;ocean;0
850;48;1;11;sea;true;ocean;0
851;56;38;3;sea;false;ocean;0
852;16;42;16;sea;false;ocean;0
853;0;32;15;sea;true;ocean;0
854;0;1;61;sea;false;ocean;0
855;26;4;66;sea;false;ocean;0
856;10;52;25;sea;false;ocean;0
857;16;34;19;sea;false;ocean;0
858;22;26;49;sea;true;ocean;0
859;21;64;7;sea;false;ocean;0
860;2;79;11;sea;true;ocean;0
861;0;53;23;sea;true;ocean;0
862;25;61;6;sea;false;ocean;0
863;1;45;10;sea;true;ocean;0
864;14;4;77;sea;false;ocean;0
865;35;3;44;sea;false;ocean;0
866;56;5;6;sea;false;ocean;0
867;56;15;20;sea;false;ocean;0
868;22;38;14;sea;false;ocean;0
869;19;49;23;sea;false;ocean;0
870;65;27;7;sea;false;ocean;0
871;16;30;14;sea;false;ocean;0
872;56;11;31;sea;false;ocean;0
873;80;0;11;sea;false;ocean;0
874;12;26;33;sea;true;ocean;0
875;9;37;22;sea;true;ocean;0
876;9;1;38;sea;false;ocean;0
877;39;47;13;sea;false;ocean;0
878;14;22;25;sea;false;ocean;0
879;23;36;6;sea;false;ocean;0
880;8;57;2;sea;true;ocean;0
881;18;3;57;sea;false;ocean;0
882;22;9;66;sea;false;ocean;0
883;25;7;2;sea;false;ocean;0
884;41;18;25;sea;false;ocean;0
885;14;49;11;sea;false;ocean;0
886;78;6;12;sea;false;ocean;0
887;16;44;21;sea;false;ocean;0
888;3;38;22;sea;false;ocean;0
889;56;25;13;sea;true;ocean;0
890;39;50;1;sea;true;ocean;0
891;9;13;48;sea;false;ocean;0
892;18;46;14;sea;true;ocean;0
893;6;16;73;sea;false;ocean;0
894;13;5;18;sea;false;ocean;0
895;40;9;21;sea;false;ocean;0
896;64;15;11;sea;false;ocean;0
897;52;9;24;sea;false;ocean;0
898;10;12;65;sea;false;ocean;0
899;2;66;11;sea;false;ocean;0
900;20;6;62;sea;false;ocean;0
901;53;30;5;sea;false;ocean;0
902;47;1;48;sea;false;ocean;0
903;18;21;59;sea;false;ocean;0
904;12;22;16;sea;false;ocean;0
905;27;23;44;sea;true;ocean;0
906;10;79;1;sea;false;ocean;0
907;4;5;70;sea;false;ocean;0
908;12;7;59;sea;false;ocean;0
909;60;13;13;sea;true;ocean;0
910;5;15;19;sea;false;ocean;0
911;7;0;44;sea;false;ocean;0
912;38;20;28;sea;false;ocean;0
913;17;50;4;sea;false;ocean;0
914;10;11;9;sea;false;ocean;0
915;0;56;24;sea;false;ocean;0
916;16;35;10;sea;false;ocean;0
917;18;21;15;sea;false;ocean;0
918;24;21;25;sea;false;ocean;0
919;35;28;8;sea;false;ocean;0
920;13;33;37;sea;false;ocean;0
921;4;8;9;sea;false;ocean;0
922;4;75;12;sea;false;ocean;0
923;32;25;37;sea;false;ocean;0
924;32;22;13;sea;true;ocean;0
925;51;11;34;sea;false;ocean;0
926;6;8;29;sea;false;ocean;0
927;8;16;39;sea;false;ocean;0
928;21;12;7;sea;false;ocean;0
929;26;30;19;sea;false;ocean;0
930;2;58;39;sea;false;ocean;0
931;3;52;27;sea;false;ocean;0
932;8;32;39;sea;false;ocean;0
933;9;16;53;sea;true;ocean;0
934;20;28;0;sea;false;ocean;0
935;21;9;18;sea;false;ocean;0
936;53;2;30;sea;false;ocean;0
937;13;13;29;sea;false;ocean;0
938;35;5;23;sea;false;ocean;0
939;30;7;13;sea;false;ocean;0
940;3;25;53;sea;false;ocean;0
941;46;19;25;sea;false;ocean;0
942;39;3;24;sea;false;ocean;0
943;9;12;11;sea;false;ocean;0
944;16;4;32;sea;false;ocean;0
945;7;5;31;sea;false;ocean;0
946;2;20;60;sea;false;ocean;0
947;28;49;10;sea;false;ocean;0
948;20;31;42;sea;false;ocean;0
949;17;44;3;sea;false;ocean;0
950;58;2;18;sea;false;ocean;0
951;17;0;80;sea;false;ocean;0
952;57;14;10;sea;false;ocean;0
953;65;5;8;sea;false;ocean;0
954;6;4;89;sea;true;ocean;0
955;53;14;32;sea;true;ocean;0
956;32;42;11;sea;false;ocean;0
957;17;37;18;sea;false;ocean;0
958;18;3;39;sea;false;ocean;0
959;2;34;19;sea;false;ocean;0
960;44;50;4;sea;false;ocean;0
961;7;74;11;sea;false;ocean;0
962;6;68;13;sea;false;ocean;0
963;24;15;60;sea;false;ocean;0
964;5;22;5;sea;false;ocean;0
965;5;5;23;sea;false;ocean;0
966;6;15;23;sea;false;ocean;0
967;14;34;43;sea;true;ocean;0
968;27;2;63;sea;false;ocean;0
969;15;33;44;sea;false;ocean;0
970;38;56;3;sea;false;ocean;0
971;21;36;31;sea;true;ocean;0
972;7;18;24;sea;false;ocean;0
973;30;48;7;sea;false;ocean;0
974;12;59;25;sea;false;ocean;0
975;24;30;32;sea;false;ocean;0
976;24;3;31;sea;false;ocean;0
977;21;10;54;sea;false;ocean;0
978;18;22;2;sea;false;ocean;0
979;0;52;42;sea;false;ocean;0
980;0;22;75;sea;false;ocean;0
981;59;13;17;sea;false;ocean;0
982;19;61;11;sea;false;ocean;0
983;54;16;28;sea;false;ocean;0
984;60;1;33;sea;false;ocean;0
985;9;62;9;sea;false;ocean;0
986;14;38;32;sea;true;ocean;0
987;5;16;78;sea;true;ocean;0
988;1;69;0;sea;false;ocean;0
989;9;38;50;sea;true;ocean;0
990;0;19;3;sea;false;ocean;0
991;14;36;45;sea;false;ocean;0
992;32;3;39;sea;false;ocean;0
993;34;8;12;sea;false;ocean;0
994;17;75;5;sea;false;ocean;0
995;5;74;14;sea;false;ocean;0
996;17;21;58;sea;true;ocean;0
997;23;34;32;sea;true;ocean;0
998;14;34;38;sea;false;ocean;0
999;20;2;51;sea;false;ocean;0
1000;19;2;68;sea;true;ocean;0
1001;12;20;41;sea;false;ocean;0
1002;15;50;5;sea;false;ocean;0
1003;22;3;57;sea;true;ocean;0
1004;38;20;38;sea;false;ocean;0
1005;36;3;14;sea;false;ocean;0
1006;33;21;26;sea;true;ocean;0
1007;21;7;48;sea;true;ocean;0
1008;41;10;21;sea;false;ocean;0
1009;15;37;44;sea;false;ocean;0
1010;51;24;15;sea;true;ocean;0
1011;36;20;12;sea;true;ocean;0
1012;41;47;2;sea;false;ocean;0
1013;22;18;22;sea;false;ocean;0
1014;2;64;18;sea;true;ocean;2
1015;0;43;34;sea;false;ocean;0
1016;6;36;18;sea;false;ocean;0
1017;87;6;3;sea;true;ocean;0
1018;4;24;28;sea;false;ocean;0
1019;32;0;7;sea;false;ocean;0
1020;9;47;9;sea;false;ocean;0
1021;46;15;16;sea;false;ocean;0
1022;14;11;12;sea;true;ocean;0
1023;3;79;0;sea;true;ocean;0
1024;59;14;13;sea;false;ocean;0
1025;37;3;54;sea;true;ocean;0
1026;66;3;2;sea;true;ocean;0
1027;31;50;14;sea;false;ocean;0
1028;11;1;83;sea;true;ocean;0
1029;41;14;28;sea;false;ocean;0
1030;24;33;20;sea;false;ocean;0
1031;15;13;50;sea;false;ocean;0
1032;46;30;11;sea;true;ocean;0
1033;14;6;21;sea;false;ocean;0
1034;14;5;79;sea;false;ocean;0
1035;5;44;40;sea;false;ocean;0
1036;39;11;33;sea;false;ocean;0
1037;13;37;10;sea;false;ocean;0
1038;43;27;10;sea;false;ocean;0
1039;3;8;67;sea;false;ocean;0
1040;53;22;9;sea;true;ocean;0
1041;0;26;43;sea;false;ocean;0
1042;27;45;0;sea;true;ocean;0
1043;16;75;6;sea;false;ocean;0
1044;2;73;18;sea;false;ocean;0
1045;1;13;48;sea;false;ocean;0
1046;56;12;23;sea;false;ocean;0
1047;11;30;34;sea;true;ocean;0
1048;6;36;22;sea;true;ocean;0
1049;5;3;19;sea;true;ocean;1
1050;1;19;18;sea;true;ocean;0
1051;9;31;4;sea;false;ocean;0
1052;12;51;23;sea;false;ocean;0
1053;35;24;23;sea;false;ocean;0
1054;21;28;44;sea;true;ocean;0
1055;70;0;4;sea;false;ocean;0
1056;12;31;22;sea;false;ocean;0
1057;5;15;78;sea;true;ocean;0
1058;20;13;45;sea;true;ocean;0
1059;28;26;33;sea;false;ocean;0
1060;1;16;17;sea;true;ocean;0
1061;0;61;7;sea;true;ocean;0
1062;56;3;3;sea;false;ocean;0
1063;9;10;65;sea;false;ocean;0
1064;12;27;22;sea;false;ocean;0
1065;0;14;69;sea;false;ocean;0
1066;83;0;13;sea;false;ocean;0
1067;1;48;30;sea;false;ocean;0
1068;31;0;17;sea;false;ocean;0
1069;18;15;15;sea;true;ocean;0
1070;8;54;24;sea;false;ocean;0
1071;38;24;4;sea;true;ocean;0
1072;7;6;33;sea;true;ocean;0
1073;12;4;38;sea;false;ocean;0
1074;1;39;48;sea;false;ocean;0
1075;15;33;6;sea;false;ocean;0
1076;39;42;0;sea;false;ocean;0
1077;39;21;22;sea;false;ocean;0
1078;25;16;49;sea;false;ocean;0
1079;26;50;11;sea;true;ocean;0
1080;24;30;30;sea;false;ocean;0
1081;65;8;13;sea;false;ocean;0
1082;18;7;9;sea;false;ocean;0
1083;14;80;5;sea;false;ocean;0
1084;19;14;27;sea;false;ocean;0
1085;3;30;35;sea;false;ocean;0
1086;8;23;0;sea;false;ocean;0
1087;11;14;62;sea;true;ocean;0
1088;20;42;13;sea;true;ocean;0
1089;34;7;21;sea;true;ocean;0
1090;53;30;6;sea;false;ocean;0
1091;26;38;35;sea;true;ocean;1
1092;28;33;29;sea;false;ocean;0
1093;17;2;8;sea;false;ocean;0
1094;50;36;9;sea;true;ocean;0
1095;18;37;3;sea;false;ocean;0
1096;42;9;46;sea;false;ocean;0
1097;11;39;3;sea;false;ocean;0
1098;28;27;5;sea;true;ocean;0
1099;27;12;22;sea;false;ocean;0
1100;34;13;11;sea;false;ocean;0
1101;44;7;1;sea;false;ocean;0
1102;36;7;31;sea;false;ocean;0
1103;4;5;44;sea;false;ocean;0
1104;11;27;26;sea;true;ocean;0
1105;13;4;10;sea;false;ocean;0
1106;7;14;44;sea;false;ocean;0
1107;0;64;11;sea;false;ocean;0
1108;35;9;46;sea;false;ocean;0
1109;1;13;39;sea;false;ocean;0
1110;18;8;29;sea;false;ocean;0
1111;25;3;12;sea;false;ocean;0
1112;3;67;10;sea;false;ocean;0
1113;15;40;30;sea;true;ocean;0
1114;64;10;22;sea;false;ocean;0
1115;24;13;16;sea;true;ocean;0
1116;40;56;3;sea;false;ocean;0
1117;1;24;74;sea;false;ocean;0
1118;26;3;51;sea;false;ocean;0
1119;29;19;43;sea;true;ocean;0
1120;38;5;48;sea;true;ocean;3
1121;59;17;11;sea;true;ocean;0
1122;16;16;32;sea;false;ocean;0
1123;5;8;86;sea;false;ocean;0
1124;27;42;3;sea;false;ocean;0
1125;11;19;1;sea;false;ocean;0
1126;26;21;34;sea;false;ocean;0
1127;31;26;6;sea;true;ocean;0
1128;19;43;10;sea;true;ocean;0
1129;8;79;2;sea;false;ocean;0
1130;28;40;8;sea;false;ocean;0
1131;43;42;12;sea;false;ocean;0
1132;55;9;15;sea;false;ocean;0
1133;41;23;21;sea;false;ocean;0
1134;12;21;20;sea;false;ocean;0
1135;19;28;5;sea;false;ocean;0
1136;5;5;81;sea;false;ocean;0
1137;7;46;12;sea;false;ocean;0
1138;15;36;18;sea;false;ocean;0
1139;25;35;35;sea;false;ocean;0
1140;6;21;72;sea;true;ocean;0
1141;2;17;78;sea;true;ocean;0
1142;8;19;52;sea;false;ocean;0
1143;12;14;39;sea;false;ocean;0
1144;24;42;6;sea;true;ocean;1
1145;62;21;3;sea;true;ocean;0
1146;18;32;12;sea;true;ocean;0
1147;45;27;23;sea;true;ocean;0
1148;0;38;13;sea;false;ocean;0
1149;37;10;39;sea;true;ocean;0
1150;35;21;3;sea;false;ocean;0
1151;42;7;48;sea;false;ocean;0
1152;0;9;85;sea;false;ocean;0
1153;1;41;25;sea;false;ocean;0
1154;62;10;27;sea;true;ocean;2
1155;44;37;15;sea;false;ocean;0
1156;23;18;18;sea;true;ocean;0
1157;3;27;35;sea;false;ocean;0
1158;6;67;2;sea;false;ocean;0
1159;50;4;33;sea;false;ocean;0
1160;32;39;28;sea;false;ocean;0
1161;79;7;13;sea;true;ocean;0
1162;21;1;71;sea;false;ocean;0
1163;12;11;67;sea;false;ocean;0
1164;43;16;34;sea;false;ocean;0
1165;24;15;34;sea;false;ocean;0
1166;25;18;3;sea;false;ocean;0
1167;19;71;2;sea;false;ocean;0
1168;56;6;28;sea;true;ocean;0
1169;16;8;28;sea;false;ocean;0
1170;74;7;17;sea;true;ocean;3
1171;25;19;33;sea;true;ocean;0
1172;1;13;2;sea;true;ocean;0
1173;32;18;13;sea;false;ocean;0
1174;5;21;24;sea;false;ocean;0
1175;7;29;13;sea;false;ocean;0
1176;3;67;15;sea;true;ocean;0
1177;32;15;18;sea;false;ocean;0
1178;43;3;8;sea;true;ocean;0
1179;34;21;0;sea;false;ocean;0
1180;8;73;6;sea;false;ocean;0
1181;33;52;9;sea;false;ocean;0
1182;12;0;59;sea;false;ocean;0
1183;4;2;54;sea;false;ocean;0
1184;17;24;32;sea;false;ocean;0
1185;42;15;0;sea;false;ocean;0
1186;49;2;39;sea;true;ocean;0
1187;13;1;49;sea;false;ocean;0
1188;15;32;5;sea;false;ocean;0
1189;42;3;42;sea;false;ocean;0
1190;43;2;37;sea;false;ocean;0
1191;47;2;42;sea;true;ocean;0
1192;28;41;14;sea;false;ocean;0
1193;39;59;1;sea;false;ocean;0
1194;1;4;70;sea;true;ocean;0
1195;53;1;6;sea;false;ocean;0
1196;21;4;4;sea;false;ocean;0
1197;34;12;27;sea;true;ocean;3
1198;30;54;11;sea;false;ocean;0
1199;17;4;40;sea;false;ocean;0
1200;14;9;35;sea;true;ocean;0
1201;21;44;16;sea;false;ocean;0
1202;69;3;3;sea;false;ocean;0
1203;36;13;33;sea;false;ocean;0
1204;25;30;2;sea;true;ocean;0
1205;51;4;4;sea;false;ocean;0
1206;11;38;31;sea;true;ocean;0
1207;11;27;11;sea;false;ocean;0
1208;10;28;40;sea;true;ocean;0
1209;19;48;10;sea;false;ocean;0
1210;1;51;19;sea;false;ocean;0
1211;4;70;17;sea;true;ocean;0
1212;28;20;26;sea;false;ocean;0
1213;3;51;36;sea;false;ocean;0
1214;55;0;25;sea;false;ocean;0
1215;2;21;34;sea;false;ocean;0
1216;28;39;19;sea;true;ocean;0
1217;42;41;8;sea;false;ocean;0
1218;38;23;38;sea;true;ocean;0
1219;30;12;2;sea;false;ocean;0
1220;25;11;12;sea;true;ocean;0
1221;14;10;12;sea;false;ocean;0
1222;5;70;3;sea;false;ocean;0
1223;81;8;10;sea;true;ocean;0
1224;7;38;41;sea;false;ocean;0
1225;15;36;39;sea;true;ocean;0
1226;6;18;61;sea;false;ocean;0
1227;9;6;76;sea;false;ocean;0
1228;26;46;26;sea;false;ocean;0
1229;17;17;63;sea;true;ocean;0
1230;25;68;2;sea;false;ocean;0
1231;18;12;16;sea;false;ocean;0
1232;36;56;7;sea;false;ocean;0
1233;26;6;41;sea;false;ocean;0
1234;40;12;12;sea;false;ocean;0
1235;7;68;13;sea;true;ocean;0
1236;51;2;1;sea;true;ocean;0
1237;38;14;20;sea;false;ocean;0
1238;57;8;7;sea;false;ocean;0
1239;37;4;23;sea;false;ocean;0
1240;13;19;22;sea;false;ocean;0
1241;8;22;3;sea;false;ocean;0
1242;41;0;54;sea;false;ocean;0
1243;12;19;19;sea;false;ocean;0
1244;7;2;62;sea;true;ocean;0
1245;12;54;27;sea;false;ocean;0
1246;9;2;9;sea;false;ocean;0
1247;3;65;12;sea;false;ocean;0
1248;18;42;23;sea;false;ocean;0
1249;11;4;59;sea;false;ocean;0
1250;26;49;18;sea;false;ocean;0
1251;12;2;76;sea;false;ocean;0
1252;22;35;29;sea;true;ocean;0
1253;30;1;39;sea;false;ocean;0
1254;41;10;10;sea;false;ocean;0
1255;54;1;34;sea;false;ocean;0
1256;13;11;69;sea;true;ocean;0
1257;11;73;13;sea;false;ocean;0
1258;17;19;19;sea;false;ocean;0
1259;63;2;18;sea;false;ocean;0
1260;20;42;8;sea;false;ocean;0
1261;55;0;30;sea;false;ocean;0
1262;38;35;21;sea;false;ocean;0
1263;31;20;44;sea;false;ocean;0
1264;69;11;10;sea;false;ocean;0
1265;56;31;8;sea;true;ocean;0
1266;24;30;28;sea;false;ocean;0
1267;4;42;44;sea;false;ocean;0
1268;18;12;59;sea;false;ocean;0
1269;23;20;13;sea;false;ocean;0
1270;54;16;16;sea;false;ocean;0
1271;25;44;29;sea;false;ocean;0
1272;44;12;4;sea;false;ocean;0
1273;32;40;5;sea;false;ocean;0
1274;20;12;32;sea;false;ocean;0
1275;27;59;0;sea;false;ocean;0
1276;0;6;61;sea;true;ocean;0
1277;3;25;66;sea;false;ocean;0
1278;14;14;70;sea;true;ocean;0
1279;19;23;6;sea;false;ocean;0
1280;0;2;86;sea;false;ocean;0
1281;4;62;30;sea;false;ocean;0
1282;3;1;56;sea;false;ocean;0
1283;50;1;40;sea;false;ocean;0
1284;5;16;55;sea;false;ocean;0
1285;52;37;0;sea;false;ocean;0
1286;2;53;13;sea;false;ocean;0
1287;16;12;52;sea;true;ocean;0
1288;10;35;29;sea;false;ocean;0
1289;43;13;14;sea;true;ocean;0
1290;69;6;1;sea;false;ocean;0
1291;8;13;56;sea;false;ocean;0
1292;46;7;28;sea;false;ocean;0
1293;0;20;25;sea;false;ocean;0
1294;8;5;57;sea;false;ocean;0
1295;2;2;86;sea;false;ocean;0
1296;12;10;61;sea;false;ocean;0
1297;50;24;11;sea;false;ocean;0
1298;8;18;4;sea;false;ocean;0
1299;1;35;60;sea;true;ocean;0
1300;36;40;1;sea;false;ocean;0
1301;13;20;51;sea;false;ocean;0
1302;28;2;49;sea;false;ocean;0
1303;19;11;18;sea;true;ocean;1
1304;8;44;42;sea;true;ocean;0
1305;1;11;4;sea;false;ocean;0
1306;27;6;59;sea;true;ocean;0
1307;20;55;6;sea;true;ocean;0
1308;23;23;5;sea;false;ocean;0
1309;32;38;23;sea;true;ocean;0
1310;4;28;46;sea;false;ocean;0
1311;40;18;14;sea;false;ocean;0
1312;10;80;9;sea;false;ocean;0
1313;6;17;67;sea;true;ocean;0
1314;24;45;19;sea;true;ocean;2
1315;56;0;27;sea;true;ocean;0
1316;33;33;27;sea;false;ocean;0
1317;2;89;6;sea;true;ocean;0
1318;67;12;19;sea;true;ocean;3
1319;12;38;12;sea;false;ocean;0
1320;1;56;42;sea;false;ocean;0
1321;47;4;7;sea;false;ocean;0
1322;6;15;8;sea;false;ocean;0
1323;6;41;24;sea;true;ocean;0
1324;35;38;18;sea;true;ocean;0
1325;43;17;0;sea;true;ocean;0
1326;30;3;18;sea;false;ocean;0
1327;63;20;0;sea;false;ocean;0
1328;18;34;43;sea;true;ocean;1
1329;17;35;2;sea;false;ocean;0
1330;53;23;8;sea;false;ocean;0
1331;51;30;16;sea;false;ocean;0
1332;13;65;20;sea;true;ocean;0
1333;14;48;6;sea;false;ocean;0
1334;29;9;40;sea;true;ocean;0
1335;55;10;27;sea;false;ocean;0
1336;22;52;25;sea;false;ocean;0
1337;19;39;13;sea;false;ocean;0
1338;19;36;8;sea;true;ocean;0
1339;25;23;4;sea;true;ocean;0
1340;29;24;28;sea;false;ocean;0
1341;32;24;25;sea;false;ocean;0
1342;29;9;58;sea;false;ocean;0
1343;6;67;13;sea;false;ocean;0
1344;47;12;2;sea;false;ocean;0
1345;12;40;22;sea;false;ocean;0
1346;4;68;5;sea;false;ocean;0
1347;28;22;11;sea;false;ocean;0
1348;11;22;27;sea;false;ocean;0
1349;15;13;13;sea;false;ocean;0
1350;4;28;55;sea;false;ocean;0
1351;27;28;36;sea;false;ocean;0
1352;12;24;52;sea;false;ocean;0
1353;11;27;17;sea;false;ocean;0
1354;15;60;6;sea;false;ocean;0
1355;0;56;0;sea;false;ocean;0
1356;47;41;10;sea;false;ocean;0
1357;16;51;4;sea;false;ocean;0
1358;18;8;35;sea;true;ocean;0
1359;22;43;25;sea;false;ocean;0
1360;1;27;62;sea;false;ocean;0
1361;69;5;1;sea;true;ocean;0
1362;28;5;0;sea;true;ocean;0
1363;17;8;11;sea;false;ocean;0
1364;91;2;0;sea;false;ocean;0
1365;16;4;79;sea;false;ocean;0
1366;17;4;33;sea;true;ocean;0
1367;20;3;61;sea;true;ocean;0
1368;34;27;15;sea;false;ocean;0
1369;19;14;7;sea;false;ocean;0
1370;23;16;31;sea;true;ocean;2
1371;27;0;53;sea;false;ocean;0
1372;59;9;0;sea;false;ocean;0
1373;49;36;1;sea;false;ocean;0
1374;45;7;16;sea;false;ocean;0
1375;3;27;8;sea;true;ocean;0
1376;4;12;23;sea;true;ocean;0
1377;29;18;37;sea;false;ocean;0
1378;15;78;2;sea;false;ocean;0
1379;4;40;52;sea;false;ocean;0
1380;39;11;11;sea;true;ocean;0
1381;27;6;29;sea;false;ocean;0
1382;3;13;71;sea;true;ocean;0
1383;55;4;22;sea;true;ocean;0
1384;11;21;54;sea;true;ocean;0
1385;25;9;53;sea;false;ocean;0
1386;22;51;0;sea;true;ocean;0
1387;46;5;33;sea;false;ocean;0
1388;68;1;24;sea;true;ocean;0
1389;15;29;40;sea;true;ocean;0
1390;5;53;12;sea;false;ocean;0
1391;22;10;67;sea;true;ocean;0
1392;16;21;6;sea;false;ocean;0
1393;26;3;22;sea;false;ocean;0
1394;34;36;2;sea;false;ocean;0
1395;14;9;46;sea;false;ocean;0
1396;17;34;34;sea;true;ocean;0
1397;1;22;29;sea;true;ocean;0
1398;64;0;3;sea;false;ocean;0
1399;9;5;25;sea;false;ocean;0
1400;23;5;22;sea;false;ocean;0
1401;16;29;37;sea;true;ocean;0
1402;11;38;26;sea;false;ocean;0
1403;61;1;8;sea;false;ocean;0
1404;8;35;37;sea;false;ocean;0
1405;5;38;1;sea;true;ocean;0
1406;3;15;16;sea;true;ocean;0
1407;9;66;9;sea;false;ocean;0
1408;31;9;7;sea;true;ocean;0
1409;1;62;20;sea;false;ocean;0
1410;1;65;0;sea;false;ocean;0
1411;29;7;55;sea;false;ocean;0
1412;33;21;23;sea;false;ocean;0
1413;19;70;0;sea;false;ocean;0
1414;45;44;3;sea;false;ocean;0
1415;8;59;7;sea;false;ocean;0
1416;22;58;2;sea;true;ocean;0
1417;16;6;53;sea;false;ocean;0
1418;10;2;86;sea;false;ocean;0
1419;58;7;1;sea;true;ocean;0
1420;0;11;88;sea;false;ocean;0
1421;68;0;28;sea;true;ocean;0
1422;49;12;10;sea;false;ocean;0
1423;17;73;4;sea;false;ocean;0
1424;52;17;17;sea;false;ocean;0
1425;32;7;44;sea;false;ocean;0
1426;20;2;32;sea;false;ocean;0
1427;38;32;8;sea;true;ocean;3
1428;13;8;38;sea;true;ocean;0
1429;24;27;23;sea;false;ocean;0
1430;9;35;11;sea;false;ocean;0
1431;31;38;12;sea;true;ocean;0
1432;47;18;30;sea;false;ocean;0
1433;61;29;7;sea;true;ocean;0
1434;30;44;1;sea;true;ocean;0
1435;10;39;13;sea;false;ocean;0
1436;27;10;45;sea;true;ocean;0
1437;40;5;48;sea;false;ocean;0
1438;19;58;19;sea;false;ocean;0
1439;35;19;33;sea;true;ocean;2
1440;42;50;4;sea;false;ocean;0
1441;22;6;52;sea;true;ocean;0
1442;80;7;1;sea;false;ocean;0
1443;36;16;43;sea;false;ocean;0
1444;30;30;22;sea;false;ocean;0
1445;18;16;44;sea;true;ocean;0
1446;22;20;49;sea;false;ocean;0
1447;32;42;13;sea;false;ocean;0
1448;23;50;8;sea;false;ocean;0
1449;2;51;7;sea;true;ocean;0
1450;51;4;22;sea;false;ocean;0
1451;55;22;10;sea;false;ocean;0
1452;5;0;77;sea;false;ocean;0
1453;0;5;0;sea;false;ocean;0
1454;20;21;58;sea;false;ocean;0
1455;20;19;56;sea;false;ocean;0
1456;14;8;34;sea;false;ocean;0
1457;8;3;4;sea;false;ocean;0
1458;0;0;58;sea;false;ocean;0
1459;7;41;16;sea;false;ocean;0
1460;7;67;0;sea;false;ocean;0
1461;6;3;25;sea;false;ocean;0
1462;11;24;34;sea;false;ocean;0
1463;58;11;26;sea;true;ocean;0
1464;12;25;46;sea;true;ocean;0
1465;17;73;8;sea;false;ocean;0
1466;30;56;7;sea;true;ocean;0
1467;24;22;3;sea;false;ocean;0
1468;9;22;26;sea;false;ocean;0
1469;3;36;21;sea;false;ocean;0
1470;47;38;7;sea;false;ocean;0
1471;21;16;10;sea;false;ocean;0
1472;1;20;8;sea;false;ocean;0
1473;22;3;19;sea;false;ocean;0
1474;38;2;19;sea;false;ocean;0
1475;53;10;15;sea;false;ocean;0
1476;9;26;16;sea;true;ocean;0
1477;47;32;18;sea;true;ocean;0
1478;49;16;30;sea;true;ocean;0
1479;16;54;15;sea;false;ocean;0
1480;62;1;2;sea;false;ocean;0
1481;23;22;16;sea;true;ocean;0
1482;50;1;17;sea;false;ocean;0
1483;55;0;13;sea;false;ocean;0
1484;47;21;25;sea;false;ocean;0
1485;36;47;7;sea;true;ocean;0
1486;10;21;50;sea;true;ocean;0
1487;15;24;45;sea;false;ocean;0
1488;0;26;17;sea;false;ocean;0
1489;10;26;1;sea;false;ocean;0
1490;6;43;29;sea;false;ocean;0
1491;17;73;6;sea;false;ocean;0
1492;19;15;21;sea;false;ocean;0
1493;11;39;38;sea;true;ocean;0
1494;60;13;19;sea;false;ocean;0
1495;1;13;19;sea;true;ocean;0
1496;67;16;13;sea;false;ocean;0
1497;29;16;15;sea;false;ocean;0
1498;75;9;15;sea;false;ocean;0
1499;25;27;3;sea;false;ocean;0
1500;25;4;16;sea;false;ocean;0
1501;41;8;47;sea;false;ocean;0
1502;52;2;43;sea;false;ocean;0
1503;35;18;17;sea;false;ocean;0
1504;25;20;8;sea;true;ocean;0
1505;21;66;8;sea;true;ocean;0
1506;33;43;5;sea;true;ocean;0
1507;16;3;31;sea;false;ocean;0
1508;28;33;7;sea;false;ocean;0
1509;51;10;36;sea;false;ocean;0
1510;50;9;24;sea;false;ocean;0
1511;47;32;17;sea;false;ocean;0
1512;30;37;16;sea;true;ocean;0
1513;23;11;58;sea;false;ocean;0
1514;16;23;3;sea;true;ocean;0
1515;1;6;30;sea;false;ocean;0
1516;39;1;10;sea;true;ocean;0
1517;26;2;32;sea;false;ocean;0
1518;5;50;36;sea;false;ocean;0
1519;22;36;35;sea;true;ocean;0
1520;24;2;16;sea;false;ocean;0
1521;39;41;9;sea;true;ocean;0
1522;6;14;8;sea;false;ocean;0
1523;65;24;7;sea;true;ocean;0
1524;1;30;16;sea;false;ocean;0
1525;22;50;10;sea;true;ocean;0
1526;17;0;29;sea;true;ocean;0
1527;12;27;10;sea;true;ocean;0
1528;16;59;21;sea;true;ocean;0
1529;6;16;2;sea;false;ocean;0
1530;21;0;32;sea;false;ocean;0
1531;18;29;15;sea;true;ocean;0
1532;63;15;2;sea;false;ocean;0
1533;58;8;25;sea;false;ocean;0
1534;3;28;43;sea;false;ocean;0
1535;2;39;15;sea;false;ocean;0
1536;8;59;20;sea;true;ocean;0
1537;8;42;0;sea;true;ocean;0
1538;39;17;15;sea;true;ocean;0
1539;40;15;36;sea;false;ocean;0
1540;23;50;1;sea;false;ocean;0
1541;51;42;5;sea;false;ocean;0
1542;22;3;66;sea;false;ocean;0
1543;75;5;17;sea;false;ocean;0
1544;4;46;43;sea;true;ocean;0
1545;23;7;37;sea;false;ocean;0
1546;44;20;34;sea;false;ocean;0
1547;31;37;10;sea;false;ocean;0
1548;4;31;15;sea;true;ocean;0
1549;26;25;47;sea;false;ocean;0
1550;6;36;57;sea;true;ocean;0
1551;25;37;37;sea;true;ocean;0
1552;2;11;79;sea;true;ocean;3
1553;7;31;59;sea;false;ocean;0
1554;79;6;13;sea;false;ocean;0
1555;2;13;27;sea;true;ocean;0
1556;46;9;13;sea;false;ocean;0
1557;25;58;4;sea;false;ocean;0
1558;49;36;0;sea;false;ocean;0
1559;6;37;17;sea;false;ocean;0
1560;45;12;33;sea;false;ocean;0
